-3.460533544421195984e-02	-5.091883242130279541e-02	1.115756481885910034e-01	1.008130088448524475e-01	2.555510699748992920e-01	1.618531495332717896e-01	-7.222959399223327637e-02	5.300646182149648666e-03	9.087772667407989502e-02	-3.933646902441978455e-02	1.529354155063629150e-01	-5.721457302570343018e-02	-2.301027327775955200e-01	-1.036838442087173462e-01	-6.105085834860801697e-02	-3.253088146448135376e-02	-9.048990905284881592e-02	1.965664476156234741e-01	1.036000326275825500e-01	9.480757266283035278e-02	1.522095054388046265e-01	-1.690842770040035248e-02	-1.972542703151702881e-01	3.954331390559673309e-03	-4.765006899833679199e-02	-1.319332271814346313e-01	-2.878409028053283691e-01	6.290425360202789307e-02	3.343334197998046875e-01	-7.324428111314773560e-02
4.233671352267265320e-02	-4.700286686420440674e-02	4.131050705909729004e-01	8.722415566444396973e-02	2.011274397373199463e-01	-6.943939626216888428e-02	2.206569723784923553e-02	1.504174917936325073e-01	-2.386975586414337158e-01	-2.563308775424957275e-01	3.223989903926849365e-02	3.345313295722007751e-02	-1.073887124657630920e-01	6.295898556709289551e-02	1.373784542083740234e-01	3.650760054588317871e-01	-2.227255553007125854e-01	2.806636989116668701e-01	-1.067003682255744934e-01	1.680566817522048950e-01	2.960835695266723633e-01	7.651638984680175781e-02	-1.224181428551673889e-01	2.233945997431874275e-03	1.103693097829818726e-01	2.497661486268043518e-02	-1.464945971965789795e-01	3.421653434634208679e-02	1.483397781848907471e-01	8.418010175228118896e-02
-1.786601245403289795e-01	1.036004126071929932e-01	9.841889142990112305e-02	2.825853526592254639e-01	1.486561596393585205e-01	1.880184262990951538e-01	-7.248180359601974487e-02	1.121350824832916260e-01	-1.196992918848991394e-01	-2.277461588382720947e-01	-1.086594238877296448e-01	-2.452191561460494995e-01	8.056639879941940308e-02	-1.408914029598236084e-01	-1.921956390142440796e-01	-2.181915789842605591e-01	1.118456572294235229e-02	7.747677713632583618e-02	1.006280928850173950e-01	2.270600944757461548e-02	1.208480075001716614e-01	-4.291854053735733032e-02	2.069478109478950500e-02	-3.455327451229095459e-02	-1.494445651769638062e-01	-1.520005017518997192e-01	1.014524027705192566e-01	-1.748213917016983032e-01	1.629846692085266113e-01	-1.194528043270111084e-01
1.277546398341655731e-02	-3.963653370738029480e-02	-2.117467224597930908e-01	1.321425437927246094e-01	3.971224185079336166e-03	4.939940944314002991e-02	-1.101707443594932556e-01	-4.045406728982925415e-02	-2.042209059000015259e-01	-2.554209828376770020e-01	-6.205411627888679504e-03	1.530553549528121948e-01	4.298931453377008438e-03	-4.844321310520172119e-02	-1.575332134962081909e-01	-1.119926422834396362e-01	-1.009249910712242126e-01	9.001895040273666382e-02	-1.636636853218078613e-01	-1.300332248210906982e-01	1.854342818260192871e-01	-8.706481754779815674e-02	-2.358839102089405060e-02	-7.007076404988765717e-03	1.352006644010543823e-01	-2.903875336050987244e-02	5.229724198579788208e-02	-7.171208038926124573e-03	1.638417392969131470e-01	-2.792932279407978058e-02
-3.537903353571891785e-02	7.167607545852661133e-02	-1.294293105602264404e-01	-2.349739521741867065e-01	1.847362667322158813e-01	6.747188977897167206e-03	-8.731766045093536377e-02	2.327570021152496338e-01	-6.867773085832595825e-02	-3.279309272766113281e-01	4.278528317809104919e-02	-1.131330057978630066e-01	-2.625795602798461914e-01	-3.310842812061309814e-02	8.614396303892135620e-02	-9.258086979389190674e-02	-1.684863567352294922e-01	-1.527539491653442383e-01	6.885112076997756958e-02	8.218514174222946167e-02	-1.820675581693649292e-01	5.629275739192962646e-02	-2.026496678590774536e-01	1.211612597107887268e-01	9.120838344097137451e-02	3.010781407356262207e-01	7.453077286481857300e-02	-1.026501804590225220e-01	3.768949583172798157e-02	-8.859817683696746826e-02
3.733034804463386536e-02	1.475266925990581512e-02	-2.755227982997894287e-01	5.866922065615653992e-02	1.143543273210525513e-01	-3.907933086156845093e-02	1.273732334375381470e-01	-4.026618599891662598e-02	5.223478749394416809e-02	-5.527358874678611755e-02	-8.675955235958099365e-02	4.595738276839256287e-02	1.019965484738349915e-01	1.556704100221395493e-02	4.694645851850509644e-02	2.293834695592522621e-03	-1.244345959275960922e-02	-2.958424203097820282e-02	-1.878243498504161835e-02	4.219972342252731323e-02	4.696833714842796326e-02	1.619836390018463135e-01	-1.252972036600112915e-01	-3.697902262210845947e-01	4.944764077663421631e-02	-6.901089102029800415e-02	-2.570512518286705017e-02	-4.578529391437768936e-03	-1.989379972219467163e-01	8.898794651031494141e-02
-1.196662113070487976e-01	6.662227958440780640e-02	-1.587488949298858643e-01	-5.608029896393418312e-04	2.094150893390178680e-02	1.426815688610076904e-01	-2.345097362995147705e-01	7.573654502630233765e-02	-4.907140508294105530e-02	-1.120732426643371582e-01	-6.875590980052947998e-02	-3.049362301826477051e-01	2.025035768747329712e-01	9.724863804876804352e-03	-1.160539239645004272e-01	3.238572776317596436e-01	2.178749889135360718e-01	1.545487791299819946e-01	-1.264200210571289062e-01	-2.383108437061309814e-01	-1.967513859272003174e-01	-1.811748743057250977e-01	-2.268798798322677612e-01	2.299856245517730713e-01	2.292318791151046753e-01	2.640064060688018799e-02	-2.213813066482543945e-01	1.984146237373352051e-01	-8.177663385868072510e-02	2.155577093362808228e-01
-2.625933289527893066e-01	-5.366790667176246643e-02	1.858240813016891479e-01	3.122126124799251556e-02	-7.931139320135116577e-02	9.880075603723526001e-02	-6.884638965129852295e-02	-7.738668471574783325e-02	-1.269004587084054947e-02	-1.473868191242218018e-01	1.966879367828369141e-01	-1.553473919630050659e-01	2.897462546825408936e-01	2.060600072145462036e-01	1.594715714454650879e-01	-2.017035484313964844e-01	4.702960699796676636e-02	2.361112087965011597e-01	1.894996613264083862e-01	4.054900258779525757e-02	3.489361610263586044e-03	3.406767547130584717e-02	-5.679566413164138794e-02	8.189623244106769562e-03	-7.286954671144485474e-02	1.608546823263168335e-01	8.327772468328475952e-02	-5.724396090954542160e-03	-3.435050323605537415e-02	3.450190648436546326e-03
-5.579593405127525330e-02	-2.418109625577926636e-01	6.591806560754776001e-02	1.098920404911041260e-01	3.132204711437225342e-02	1.368403583765029907e-01	-4.079426825046539307e-02	-5.189120769500732422e-02	2.786250552162528038e-03	4.638622701168060303e-02	-8.629485219717025757e-02	1.599304229021072388e-01	-1.371805518865585327e-01	-7.347469031810760498e-02	-3.866418078541755676e-02	9.024378657341003418e-02	9.543754905462265015e-02	8.076294511556625366e-02	-6.811773777008056641e-02	-1.286966651678085327e-01	-9.280073456466197968e-03	2.500083856284618378e-02	-1.510429829359054565e-01	-8.408569544553756714e-02	-1.447801142930984497e-01	5.725295748561620712e-03	2.169565558433532715e-01	-6.396835297346115112e-02	6.117710843682289124e-02	-7.419255375862121582e-02
-2.184000983834266663e-02	-2.878088355064392090e-01	-1.970278099179267883e-02	2.025431245565414429e-01	1.151496767997741699e-01	9.802885353565216064e-02	4.248790070414543152e-02	2.822290919721126556e-02	-6.389366090297698975e-02	-1.834913715720176697e-02	2.071501016616821289e-01	-1.629684120416641235e-02	-4.152987524867057800e-02	-2.159331552684307098e-02	1.893274486064910889e-01	8.611183613538742065e-02	4.985522478818893433e-02	1.626482754945755005e-01	1.360544711351394653e-01	-3.216150999069213867e-01	-1.634149253368377686e-01	2.527221441268920898e-01	1.472994387149810791e-01	9.634987451136112213e-03	-2.512848377227783203e-01	-4.965971782803535461e-02	-1.857712268829345703e-01	1.314106285572052002e-01	7.294770330190658569e-02	-8.923379331827163696e-02
-2.299489080905914307e-01	4.567050188779830933e-02	-1.489066183567047119e-01	9.556146711111068726e-02	1.133839711546897888e-01	-4.193568602204322815e-02	-1.498549128882586956e-03	2.965245246887207031e-01	-3.045048192143440247e-02	-6.061571463942527771e-02	-1.104032620787620544e-01	-1.868648678064346313e-01	1.184218302369117737e-01	3.148318827152252197e-02	-6.044068187475204468e-02	-5.133475363254547119e-02	3.343360871076583862e-02	8.397494256496429443e-02	2.589597105979919434e-01	-5.620593577623367310e-02	1.260315328836441040e-01	1.377736181020736694e-01	6.822597980499267578e-02	3.615451604127883911e-02	-1.767141520977020264e-01	-8.632019907236099243e-02	1.182156652212142944e-01	-1.071509905159473419e-03	1.251971423625946045e-01	4.978744685649871826e-02
3.796572610735893250e-02	6.782595068216323853e-02	8.476504124701023102e-03	9.859909117221832275e-02	7.434683293104171753e-02	3.035330027341842651e-02	9.912897646427154541e-02	2.613763883709907532e-02	-6.477726250886917114e-02	5.495720356702804565e-02	-2.547954916954040527e-01	2.238513343036174774e-02	4.547755792737007141e-02	7.132909446954727173e-02	1.726329624652862549e-01	-8.597005158662796021e-03	3.361933166161179543e-03	-4.652530327439308167e-02	-9.767881035804748535e-02	-1.070420742034912109e-01	6.646340340375900269e-02	1.377881765365600586e-01	1.632337272167205811e-02	7.343260198831558228e-02	-2.413185685873031616e-02	1.249599084258079529e-02	-1.537812501192092896e-02	-2.193619757890701294e-01	6.196770444512367249e-02	1.836730986833572388e-01
7.698912918567657471e-02	1.075572222471237183e-01	2.418169379234313965e-01	-5.155104398727416992e-02	1.601839363574981689e-01	3.655987791717052460e-03	-4.995307326316833496e-02	-8.451221883296966553e-02	1.775045245885848999e-01	-2.778626605868339539e-02	1.450116932392120361e-01	4.396772757172584534e-02	-9.526918083429336548e-02	2.950726449489593506e-02	-2.234364748001098633e-01	-1.862098462879657745e-02	-4.049548879265785217e-02	2.503366172313690186e-01	-2.744063176214694977e-02	-5.545166321098804474e-03	-1.109227687120437622e-01	-2.390757016837596893e-02	1.830555349588394165e-01	1.906751692295074463e-01	-7.784398645162582397e-02	1.165449172258377075e-01	1.777900904417037964e-01	-8.457208424806594849e-02	-3.298498988151550293e-01	2.634186446666717529e-01
-7.156463712453842163e-02	6.689038127660751343e-02	-4.250594601035118103e-02	-2.305829897522926331e-02	-8.543578535318374634e-02	-2.095192223787307739e-01	-4.515223205089569092e-03	1.742222011089324951e-01	-8.609479293227195740e-03	1.128819584846496582e-01	-1.063031479716300964e-01	1.083134189248085022e-01	6.795083731412887573e-02	2.689499221742153168e-02	2.421537041664123535e-01	4.524774476885795593e-02	3.923856839537620544e-02	1.611928343772888184e-01	-1.144829466938972473e-01	6.350442767143249512e-02	1.196530461311340332e-01	9.692374616861343384e-02	-9.034933894872665405e-02	7.048023492097854614e-02	8.165793865919113159e-02	1.577617414295673370e-02	9.141007810831069946e-02	-2.028977572917938232e-01	8.897112309932708740e-02	1.346103549003601074e-01
8.269663155078887939e-02	-1.118756085634231567e-01	-6.556043401360511780e-03	1.203617975115776062e-01	-1.134789548814296722e-02	-6.348173320293426514e-02	-3.023467361927032471e-01	-1.848301850259304047e-02	1.888096034526824951e-01	1.810319721698760986e-03	7.754246238619089127e-03	4.839890450239181519e-02	2.852244675159454346e-01	-7.852098345756530762e-02	-4.791698604822158813e-02	6.744238734245300293e-02	-3.835520446300506592e-01	-5.098915472626686096e-02	1.005650758743286133e-01	1.788873672485351562e-01	-1.769028753042221069e-01	-8.984743803739547729e-02	-8.644697070121765137e-02	1.196008697152137756e-01	-2.745982706546783447e-01	1.016314849257469177e-01	-1.632516533136367798e-01	5.978076951578259468e-04	-5.481138825416564941e-02	6.094422936439514160e-02
-1.477232724428176880e-01	1.592955291271209717e-01	-6.777527928352355957e-02	6.002398207783699036e-02	-2.493981719017028809e-01	4.343724623322486877e-02	1.088931262493133545e-01	-2.520495057106018066e-01	-7.037478685379028320e-02	-1.906554996967315674e-01	1.802588403224945068e-01	1.523625999689102173e-01	-4.960126429796218872e-02	9.465400129556655884e-02	-9.447579830884933472e-02	3.057881295680999756e-01	-1.243763640522956848e-01	-1.018334031105041504e-01	-2.520205266773700714e-02	-4.535160213708877563e-02	-1.997623443603515625e-01	1.203993633389472961e-01	-2.597467228770256042e-02	-1.674828119575977325e-02	-1.309241652488708496e-01	8.682411909103393555e-02	-4.244694486260414124e-03	1.021900214254856110e-02	-2.503925934433937073e-02	-1.322730928659439087e-01
-1.037480309605598450e-03	-1.715619489550590515e-02	-2.192722856998443604e-01	-1.118740588426589966e-01	-1.345679163932800293e-01	-8.129834383726119995e-02	-2.097138166427612305e-01	-1.501046717166900635e-01	-1.268653273582458496e-01	-3.598351776599884033e-02	1.787356883287429810e-01	-1.110146939754486084e-01	3.945717215538024902e-02	2.322182357311248779e-01	5.902438238263130188e-02	-1.475557237863540649e-01	-2.405698783695697784e-02	-2.191736362874507904e-02	-1.051121428608894348e-01	-1.850322633981704712e-02	3.768047690391540527e-02	-1.022732108831405640e-01	2.138887941837310791e-01	6.263213604688644409e-02	7.972408831119537354e-02	-2.338505163788795471e-02	-1.172768026590347290e-01	-1.511707901954650879e-01	-1.825745776295661926e-02	2.420137822628021240e-02
5.619889125227928162e-02	4.011026769876480103e-02	1.211644560098648071e-01	-8.644550293684005737e-02	-1.139139160513877869e-01	2.366914041340351105e-02	1.972106471657752991e-02	-1.804593652486801147e-01	2.148713320493698120e-01	-1.971039772033691406e-01	1.111298450268805027e-03	8.959660679101943970e-02	-7.692510262131690979e-03	-2.822244763374328613e-01	2.523081600666046143e-01	3.902542591094970703e-02	1.928086280822753906e-01	-1.016517952084541321e-01	4.327555000782012939e-02	-1.458084732294082642e-01	-8.580850809812545776e-02	-1.452695727348327637e-01	-5.131175369024276733e-02	5.894147232174873352e-02	-5.914847925305366516e-02	1.171505171805620193e-02	-1.004523783922195435e-01	7.206963747739791870e-02	-6.598176807165145874e-02	-1.303036510944366455e-01
1.684093624353408813e-01	5.214189365506172180e-02	1.113118305802345276e-01	1.693263649940490723e-01	-1.142307147383689880e-01	-1.088024154305458069e-01	1.052641961723566055e-02	-1.284391246736049652e-02	4.372573643922805786e-02	-1.477740257978439331e-01	-2.670494467020034790e-02	-1.173825114965438843e-01	-8.107474446296691895e-02	1.157971322536468506e-01	-1.875523328781127930e-01	5.690880352631211281e-04	1.901885271072387695e-01	-2.349155396223068237e-01	5.302125588059425354e-02	9.614551067352294922e-02	7.085497677326202393e-02	8.076817542314529419e-02	-1.446184068918228149e-01	1.320417225360870361e-01	1.266326755285263062e-01	-2.307569421827793121e-02	-1.052110344171524048e-01	1.027054637670516968e-01	-2.032312303781509399e-01	-2.131181806325912476e-01
1.260554492473602295e-01	1.060619726777076721e-01	-7.654052227735519409e-02	2.306443452835083008e-02	-5.710734054446220398e-02	-7.784530520439147949e-02	-5.243425071239471436e-02	-6.743012368679046631e-02	-8.902447670698165894e-02	1.875201612710952759e-01	2.054657042026519775e-02	-3.000904619693756104e-01	7.511657476425170898e-02	-1.097471341490745544e-01	-4.042870923876762390e-02	1.281092017889022827e-01	2.807044386863708496e-01	-2.413637191057205200e-01	3.646601364016532898e-02	2.738756872713565826e-02	1.204205453395843506e-01	-7.271000742912292480e-02	-4.526343196630477905e-02	1.132081523537635803e-01	-1.055716574192047119e-01	3.887797892093658447e-01	1.887867003679275513e-01	8.961973339319229126e-02	2.235415577888488770e-02	-1.112195998430252075e-01
-1.028179656714200974e-02	-5.211930721998214722e-02	-1.985107809305191040e-01	1.244364678859710693e-01	-3.844756260514259338e-02	-5.917762964963912964e-02	7.867604494094848633e-03	3.934121429920196533e-01	-9.536617249250411987e-02	6.475319713354110718e-02	1.519614607095718384e-01	2.088416367769241333e-01	-9.457433223724365234e-02	3.192840144038200378e-02	1.077791005373001099e-01	-1.004651337862014771e-01	1.555145811289548874e-02	-5.567194148898124695e-02	-5.726769939064979553e-02	5.658621340990066528e-02	5.863508675247430801e-03	-1.992616616189479828e-02	2.809744179248809814e-01	2.132693976163864136e-01	1.117941830307245255e-02	-3.641099110245704651e-02	3.940401971340179443e-02	1.456886082887649536e-01	-8.344609290361404419e-02	2.484131418168544769e-02
6.572832912206649780e-02	-6.754471361637115479e-02	-1.191113144159317017e-01	5.844067409634590149e-02	3.562458232045173645e-02	-1.522001326084136963e-01	-3.474535048007965088e-02	8.244005590677261353e-02	7.265275716781616211e-02	-9.338497370481491089e-02	1.685148775577545166e-01	1.556238830089569092e-01	-6.372196227312088013e-02	-4.954613372683525085e-02	1.792050898075103760e-01	1.979121938347816467e-02	2.403052449226379395e-01	6.554833054542541504e-02	4.586926475167274475e-02	-9.290493279695510864e-02	2.218203060328960419e-02	3.844304010272026062e-02	6.630016863346099854e-02	1.492063254117965698e-01	-1.070372015237808228e-01	-1.977493017911911011e-01	2.246133610606193542e-02	-1.947109699249267578e-01	9.647949039936065674e-02	9.791783988475799561e-02
-3.773370385169982910e-02	1.927516907453536987e-01	-4.345714300870895386e-02	2.187634706497192383e-01	4.252905771136283875e-02	-8.580602705478668213e-02	2.164945900440216064e-01	-5.460955202579498291e-03	-2.752223610877990723e-01	2.166200578212738037e-01	9.534843266010284424e-02	5.154316499829292297e-02	-9.450027719140052795e-03	2.445286698639392853e-02	6.078179925680160522e-03	9.102785587310791016e-02	-1.197171304374933243e-02	1.377181857824325562e-01	1.713128834962844849e-01	-9.645467996597290039e-02	-1.738123893737792969e-01	1.045111194252967834e-02	-1.095637902617454529e-01	8.419431000947952271e-02	-1.550869047641754150e-01	-1.859917491674423218e-01	-6.115525960922241211e-02	-1.177069246768951416e-01	-4.059647396206855774e-02	-1.826952844858169556e-01
-1.947448998689651489e-01	-1.183185279369354248e-01	-1.372905671596527100e-01	7.925119251012802124e-02	5.277884006500244141e-02	5.098067969083786011e-02	-4.581242799758911133e-02	-8.680478483438491821e-02	-1.187236681580543518e-01	5.451148748397827148e-02	-4.363088402897119522e-03	5.103252828121185303e-02	-1.025830879807472229e-01	-1.429216265678405762e-01	-1.324702799320220947e-01	2.248060703277587891e-02	3.790769353508949280e-02	7.794670015573501587e-02	-6.824228167533874512e-02	-1.297588795423507690e-01	-3.599633648991584778e-02	6.923437863588333130e-02	3.102684766054153442e-02	-4.120660200715065002e-02	-1.880134195089340210e-01	6.068779528141021729e-02	2.200842350721359253e-01	-1.053348481655120850e-01	9.082465618848800659e-02	-2.224746495485305786e-01
8.534349501132965088e-02	7.238903641700744629e-02	2.244484052062034607e-02	2.008033245801925659e-01	9.770490229129791260e-02	-1.948996484279632568e-01	-5.577427521347999573e-02	-1.238539814949035645e-02	-5.941770225763320923e-02	-3.880418092012405396e-02	4.168403148651123047e-02	6.599882990121841431e-02	-8.101066201925277710e-02	-1.381216496229171753e-01	2.619165182113647461e-01	1.258390843868255615e-01	-7.201186567544937134e-02	4.989190772175788879e-02	1.473751068115234375e-01	2.019058354198932648e-02	1.955584250390529633e-02	-8.174786716699600220e-02	5.167034640908241272e-02	-1.609426573850214481e-03	2.182023674249649048e-01	-1.591955125331878662e-01	-6.985346786677837372e-03	-6.373719125986099243e-02	7.352383434772491455e-02	1.517787873744964600e-01
7.218948751688003540e-02	1.047020182013511658e-01	-3.875880315899848938e-02	-5.179765447974205017e-02	-1.221176832914352417e-01	2.840077131986618042e-02	-3.510225191712379456e-02	1.545723825693130493e-01	-3.235435113310813904e-02	7.315575331449508667e-02	-2.112838439643383026e-02	1.754893064498901367e-01	-3.407754004001617432e-02	-2.415814623236656189e-02	1.683402508497238159e-01	4.090679064393043518e-02	6.805028766393661499e-02	-2.070655114948749542e-02	-9.643931873142719269e-03	7.141535729169845581e-02	7.992072403430938721e-02	6.862190365791320801e-02	1.326739639043807983e-01	1.081373021006584167e-01	6.795711815357208252e-02	-1.582081764936447144e-01	1.037975251674652100e-01	-1.650411784648895264e-01	2.901359647512435913e-02	1.733312457799911499e-01
-2.310268580913543701e-01	-9.369572252035140991e-02	-3.066074475646018982e-02	-1.134062111377716064e-01	1.680966913700103760e-01	-5.791056156158447266e-02	3.723148107528686523e-01	-4.816592484712600708e-02	4.991804808378219604e-02	-7.522306591272354126e-02	-6.354610621929168701e-02	-2.433455586433410645e-01	-5.891645699739456177e-02	-1.325958073139190674e-01	3.889210522174835205e-02	8.309316635131835938e-02	-2.821313962340354919e-02	-1.487001925706863403e-01	-2.613647468388080597e-02	1.411285400390625000e-01	4.785579815506935120e-02	2.153556793928146362e-02	2.284508347511291504e-01	-4.441300407052040100e-02	-6.959889829158782959e-02	7.217124104499816895e-02	-1.846070736646652222e-01	5.960231646895408630e-02	-8.033022284507751465e-02	2.444496005773544312e-01
1.664877235889434814e-01	1.044701114296913147e-01	-9.726354479789733887e-02	-7.380925863981246948e-02	9.024615585803985596e-02	3.054648078978061676e-02	6.926366686820983887e-02	-8.626867085695266724e-02	1.043553054332733154e-01	6.479255110025405884e-02	-1.979564279317855835e-01	1.012301743030548096e-01	2.352007478475570679e-02	2.581277787685394287e-01	1.183302327990531921e-01	-5.915366485714912415e-02	8.551375567913055420e-02	2.244878094643354416e-03	1.733158230781555176e-01	8.780889213085174561e-02	-1.438362002372741699e-01	-2.985369414091110229e-02	2.727195248007774353e-02	-9.985358268022537231e-02	1.034248992800712585e-01	1.056219413876533508e-01	2.052138745784759521e-01	2.104363143444061279e-01	1.952397674322128296e-01	-5.996243655681610107e-02
-2.253991067409515381e-01	8.943412452936172485e-02	3.094882071018218994e-01	-1.825964152812957764e-01	2.511311881244182587e-02	-7.141017168760299683e-02	5.928323790431022644e-02	1.217682063579559326e-01	-7.415948063135147095e-02	2.019987702369689941e-01	1.940396577119827271e-01	-1.477747559547424316e-01	1.491874009370803833e-01	-1.315704733133316040e-01	3.735984861850738525e-02	-4.932147916406393051e-03	-4.254710301756858826e-02	2.855999767780303955e-02	-3.347790539264678955e-01	1.875564604997634888e-01	-1.597973704338073730e-01	2.600286714732646942e-02	1.121807992458343506e-01	1.533630639314651489e-01	1.413240730762481689e-01	-8.466048538684844971e-02	-1.285767406225204468e-01	-1.515347883105278015e-02	1.240285784006118774e-01	-4.346312209963798523e-02
1.299203634262084961e-01	-5.205347016453742981e-02	-1.416446566581726074e-01	8.887577056884765625e-02	6.776547431945800781e-02	-5.138861760497093201e-02	6.487376242876052856e-02	-1.352444738149642944e-01	-1.817347407341003418e-01	4.161511734127998352e-02	-4.983702301979064941e-02	-2.905270457267761230e-02	-6.409633904695510864e-02	-7.611948996782302856e-02	-1.539569050073623657e-01	-1.058156788349151611e-01	5.318078026175498962e-02	3.510842844843864441e-02	9.126238524913787842e-02	-1.714144274592399597e-02	1.414449792355298996e-02	4.755485802888870239e-02	-3.485497832298278809e-02	-1.084718331694602966e-01	-1.746550388634204865e-02	-7.767540402710437775e-03	2.355683594942092896e-02	-5.766443163156509399e-02	5.288061220198869705e-03	1.126543805003166199e-02
1.804545521736145020e-01	-9.521654807031154633e-03	-3.842678666114807129e-02	-1.176763176918029785e-01	2.315137833356857300e-01	1.193515285849571228e-01	7.636066526174545288e-02	7.577908039093017578e-02	2.853651531040668488e-02	-1.666504442691802979e-01	-3.465205430984497070e-02	-2.805334627628326416e-01	-7.393786311149597168e-02	1.655218005180358887e-02	2.041328996419906616e-01	1.080650836229324341e-01	-1.685433089733123779e-01	-2.251238934695720673e-02	-2.792099714279174805e-01	6.418619304895401001e-02	7.572558522224426270e-02	8.138943463563919067e-02	2.933740019798278809e-01	-1.458046883344650269e-01	-9.485091269016265869e-02	-1.792632937431335449e-01	1.132824737578630447e-02	-9.147929027676582336e-03	-1.150383353233337402e-01	-6.834562122821807861e-02
-1.487409174442291260e-01	-2.099760435521602631e-02	5.592111870646476746e-02	-1.887414306402206421e-01	3.208656981587409973e-02	-2.151446193456649780e-01	8.096639066934585571e-03	-6.991938501596450806e-02	5.665536597371101379e-02	3.012393973767757416e-02	-1.368009299039840698e-01	-1.647551916539669037e-02	1.284292638301849365e-01	5.874690786004066467e-02	2.285216189920902252e-02	-6.113493442535400391e-02	-1.391693055629730225e-01	-2.327414974570274353e-02	-4.795408342033624649e-03	-5.279197171330451965e-02	6.518246233463287354e-02	1.601320691406726837e-02	-3.105957247316837311e-02	2.355519682168960571e-02	6.984396278858184814e-02	-1.300762146711349487e-01	1.278351098299026489e-01	5.184230804443359375e-01	-1.002557575702667236e-01	-9.604440629482269287e-02
-2.261286135762929916e-03	-4.160484671592712402e-02	3.827805817127227783e-02	1.554825007915496826e-01	1.265767663717269897e-01	8.586806058883666992e-02	4.395296424627304077e-02	3.183044865727424622e-02	-2.127175629138946533e-01	-1.434205025434494019e-01	-2.496062219142913818e-01	4.373563081026077271e-02	1.751903891563415527e-01	-9.819871932268142700e-02	-2.676672339439392090e-01	-1.311267316341400146e-01	4.453661292791366577e-02	6.094229966402053833e-02	-7.873383909463882446e-02	1.022809967398643494e-01	3.231616318225860596e-02	-8.257886767387390137e-02	-1.014080569148063660e-01	1.183123737573623657e-01	5.575680988840758801e-04	-1.375433504581451416e-01	-2.535305172204971313e-02	-1.166720539331436157e-01	7.428894191980361938e-02	-1.495697498321533203e-01
-3.425977751612663269e-02	-8.089996874332427979e-03	-4.594210162758827209e-02	1.958768814802169800e-01	3.245534375309944153e-02	-1.034138258546590805e-02	7.780744135379791260e-02	2.749018929898738861e-02	8.961956948041915894e-02	1.189156696200370789e-01	-2.069616913795471191e-01	1.335677653551101685e-01	-9.300325065851211548e-03	-8.378920704126358032e-02	1.703271865844726562e-01	-6.147039681673049927e-02	8.041553199291229248e-03	8.226647228002548218e-02	-9.571217745542526245e-02	-3.433904051780700684e-02	5.791659653186798096e-02	3.022428452968597412e-01	1.240398287773132324e-01	1.619923859834671021e-01	8.576617389917373657e-02	1.631274372339248657e-01	-6.210071220993995667e-02	-1.912664473056793213e-01	8.758710324764251709e-02	3.294497355818748474e-02
4.477952048182487488e-02	7.502925395965576172e-02	1.913195103406906128e-01	-5.902341008186340332e-02	-6.572329252958297729e-02	1.503752470016479492e-01	1.829893141984939575e-01	-5.401869118213653564e-02	-1.596672236919403076e-01	2.371320575475692749e-01	1.486349105834960938e-01	-9.624601900577545166e-02	-2.035859040915966034e-02	-1.479225605726242065e-01	1.592889577150344849e-01	-1.474032253026962280e-01	-2.607961595058441162e-01	-8.527053147554397583e-02	4.577220231294631958e-02	-9.089411050081253052e-02	2.763753756880760193e-02	1.000711843371391296e-01	-1.035650894045829773e-01	2.507100403308868408e-01	5.790223553776741028e-02	-5.581067875027656555e-02	-1.731264591217041016e-01	1.189031302928924561e-01	4.490571469068527222e-02	1.234645172953605652e-01
-2.795112133026123047e-01	3.173163905739784241e-02	1.498598488979041576e-03	-8.926844596862792969e-02	2.330051213502883911e-01	1.956719905138015747e-01	2.256844379007816315e-02	-1.588244140148162842e-01	1.469352841377258301e-01	7.470936328172683716e-02	-1.348830014467239380e-01	-2.632477879524230957e-02	-3.730825334787368774e-02	6.937175244092941284e-02	-6.445721536874771118e-02	-1.094783097505569458e-01	-4.681553691625595093e-02	-2.624219655990600586e-01	-4.400392994284629822e-03	1.419464349746704102e-01	-8.446970023214817047e-03	-5.196267366409301758e-02	1.087829098105430603e-01	2.655408680438995361e-01	-2.423474565148353577e-02	-1.361493319272994995e-01	-1.018628254532814026e-01	7.659123837947845459e-02	7.874207198619842529e-02	3.930560499429702759e-02
1.797645688056945801e-01	-1.478880047798156738e-01	1.797390133142471313e-01	2.263735979795455933e-02	1.205062046647071838e-01	2.987271845340728760e-01	-2.878525853157043457e-01	-7.068455219268798828e-02	-4.345397651195526123e-02	-6.034870073199272156e-02	-4.290317650884389877e-03	9.310014545917510986e-02	1.888646185398101807e-01	-1.689050197601318359e-01	-1.258097290992736816e-01	2.001986950635910034e-01	-7.671760022640228271e-02	-4.075184091925621033e-02	-2.309138886630535126e-02	-1.397003699094057083e-02	3.904153406620025635e-02	2.265799976885318756e-02	-1.115048378705978394e-01	-1.772106736898422241e-01	1.964433118700981140e-02	-1.040336191654205322e-01	4.686578363180160522e-02	1.168257836252450943e-02	1.509575247764587402e-01	3.184819594025611877e-02
-3.547622635960578918e-02	-3.424014896154403687e-02	1.639894098043441772e-01	5.621341243386268616e-02	1.343944519758224487e-01	-1.448795795440673828e-01	2.472628839313983917e-02	-1.229280605912208557e-01	6.668116152286529541e-02	-8.934040367603302002e-02	5.002925544977188110e-02	4.187718033790588379e-02	2.948934957385063171e-02	6.675593554973602295e-02	4.091656766831874847e-03	3.742320090532302856e-02	2.341556847095489502e-01	-8.063308894634246826e-02	9.167563915252685547e-02	-1.971869319677352905e-01	-8.713618665933609009e-02	3.121175765991210938e-01	4.191545397043228149e-02	-8.843627572059631348e-02	-4.836201667785644531e-02	1.872612163424491882e-02	-1.951453536748886108e-01	-8.708681166172027588e-02	2.681892812252044678e-01	1.459871530532836914e-01
7.786102592945098877e-02	-6.574992090463638306e-03	-1.576896905899047852e-01	1.326006799936294556e-01	-1.065965816378593445e-01	-9.794735908508300781e-02	-9.387958794832229614e-03	8.181488513946533203e-02	-1.183057799935340881e-01	-6.719660758972167969e-02	-3.218116238713264465e-02	2.124436050653457642e-01	-7.894910871982574463e-03	9.208392351865768433e-02	-4.419566318392753601e-02	-5.309205129742622375e-02	5.231186747550964355e-02	-4.343540221452713013e-02	7.399770617485046387e-02	1.137615814805030823e-01	4.803998768329620361e-02	4.104532301425933838e-02	2.023249864578247070e-01	5.879708565771579742e-03	1.937524974346160889e-01	-3.864290937781333923e-02	-4.132626205682754517e-02	3.056495077908039093e-02	1.137656997889280319e-02	1.834428757429122925e-01
3.830916434526443481e-02	1.006264090538024902e-01	-1.544189602136611938e-01	-3.124148212373256683e-02	1.109592318534851074e-01	1.841060258448123932e-02	-1.916229724884033203e-01	-1.115418598055839539e-01	-1.504864096641540527e-01	5.252022296190261841e-02	-2.065657079219818115e-01	-1.059711948037147522e-01	-1.197215169668197632e-01	1.854916065931320190e-01	-3.474842011928558350e-02	-6.656710058450698853e-02	-2.453575842082500458e-02	2.091770470142364502e-01	9.140362590551376343e-02	-7.087802886962890625e-02	4.199284687638282776e-02	1.189263910055160522e-01	1.891802251338958740e-01	1.670720875263214111e-01	-5.012438818812370300e-02	-9.463327378034591675e-02	-1.427643895149230957e-01	5.894785746932029724e-02	6.722817569971084595e-02	-5.437723547220230103e-02
1.057979241013526917e-01	-1.602193117141723633e-01	2.209263108670711517e-02	6.268623750656843185e-03	1.799640655517578125e-01	-3.773482739925384521e-01	-2.528057098388671875e-01	-5.374961532652378082e-03	-1.651997417211532593e-01	5.325124040246009827e-02	3.135326206684112549e-01	6.568172574043273926e-02	1.168923825025558472e-01	-1.843793541193008423e-01	-3.302060440182685852e-02	-2.012788504362106323e-02	6.001859903335571289e-02	1.130117252469062805e-01	3.139064181596040726e-03	1.163418032228946686e-02	6.409157067537307739e-02	9.450362622737884521e-02	2.702881768345832825e-02	-1.119098588824272156e-01	1.486597806215286255e-01	-1.608835905790328979e-02	1.032257229089736938e-01	9.196567535400390625e-02	-2.957516722381114960e-02	-1.789341717958450317e-01
9.758447110652923584e-02	1.189473196864128113e-01	-2.153200656175613403e-01	-1.051928848028182983e-01	-5.705946311354637146e-02	-3.063760511577129364e-02	-3.051751852035522461e-02	6.402039527893066406e-02	1.707357168197631836e-01	-3.818779066205024719e-02	1.195363402366638184e-01	2.616318166255950928e-01	1.588689386844635010e-01	-8.094374090433120728e-02	-8.452000468969345093e-02	-8.998667448759078979e-02	-1.859173737466335297e-02	1.821166090667247772e-02	-1.470386236906051636e-01	6.646084785461425781e-02	1.133836433291435242e-01	2.126609534025192261e-01	1.519299596548080444e-01	5.016425997018814087e-02	2.081590294837951660e-01	-6.937858462333679199e-02	9.938144683837890625e-02	1.241268068552017212e-01	1.283953040838241577e-01	3.921235725283622742e-02
-8.594923466444015503e-02	-3.366897404193878174e-01	-6.487178057432174683e-02	1.007341518998146057e-01	-1.528934203088283539e-02	3.360540568828582764e-01	6.017842330038547516e-03	-8.406101167201995850e-02	-4.841345176100730896e-02	5.701881274580955505e-02	-1.034857258200645447e-01	1.558128148317337036e-01	-1.872653812170028687e-01	-7.159546017646789551e-02	-1.781981810927391052e-02	1.083789672702550888e-02	1.592189371585845947e-01	1.515212953090667725e-01	6.928409636020660400e-02	1.758658885955810547e-01	-1.218819394707679749e-01	9.161837399005889893e-02	3.249983862042427063e-02	-3.509912639856338501e-02	9.235487878322601318e-02	8.600069582462310791e-02	4.680886864662170410e-03	6.387095153331756592e-02	-3.232296556234359741e-02	-2.086024135351181030e-01
-5.001902952790260315e-02	-1.323067694902420044e-01	4.774629697203636169e-02	1.080582961440086365e-01	1.331504434347152710e-01	1.870131790637969971e-01	2.997274883091449738e-02	6.137662567198276520e-03	-3.676560521125793457e-02	-6.825671344995498657e-02	6.545853614807128906e-02	1.931820809841156006e-01	-5.121460556983947754e-02	-1.029149368405342102e-01	-1.001274809241294861e-01	1.598406285047531128e-01	1.208020467311143875e-02	8.754479698836803436e-03	-6.143889948725700378e-02	-2.423065900802612305e-01	-4.971955716609954834e-02	-7.977645099163055420e-02	6.197725981473922729e-02	-1.071522571146488190e-02	-1.367699950933456421e-01	-5.026228353381156921e-02	7.071476429700851440e-02	3.791676834225654602e-02	1.230985522270202637e-01	-1.660552918910980225e-01
1.341218650341033936e-01	6.013963744044303894e-02	-7.356978021562099457e-04	1.916044950485229492e-01	1.446103453636169434e-01	-7.097776234149932861e-02	-1.382211446762084961e-01	3.956313431262969971e-02	1.319465488195419312e-01	4.597153887152671814e-02	-4.742559418082237244e-02	-1.589553505182266235e-01	1.090026199817657471e-01	-5.759094282984733582e-02	-6.764197349548339844e-02	1.075126156210899353e-01	-6.499902158975601196e-02	-7.839112728834152222e-02	6.987293064594268799e-02	-6.277109682559967041e-02	-1.095911785960197449e-01	1.499454379081726074e-01	9.291356801986694336e-02	-2.277017235755920410e-01	1.124465558677911758e-02	-1.507165729999542236e-01	4.197555780410766602e-02	-4.644500464200973511e-02	-1.269640494138002396e-02	9.432405978441238403e-02
7.011767476797103882e-02	9.877195954322814941e-02	-1.441809684038162231e-01	2.136964797973632812e-01	1.008344665169715881e-01	5.267483647912740707e-04	6.734870374202728271e-02	-2.830437757074832916e-02	3.779060244560241699e-01	4.316125810146331787e-02	1.592155843973159790e-01	1.222394034266471863e-01	-4.815010726451873779e-02	6.614124774932861328e-02	1.054112166166305542e-01	8.244059234857559204e-02	6.885214149951934814e-02	1.653438508510589600e-01	-2.579146921634674072e-01	2.328194528818130493e-01	2.340294271707534790e-01	-8.207246661186218262e-02	-1.174766421318054199e-01	1.166423186659812927e-01	-7.289017736911773682e-02	-8.708014339208602905e-02	-7.251916080713272095e-02	-1.379907727241516113e-01	1.688662320375442505e-01	4.443823173642158508e-02
1.301863342523574829e-01	7.444450259208679199e-02	-6.526367366313934326e-02	-1.282754987478256226e-01	-1.982090324163436890e-01	-9.925175458192825317e-02	2.327993512153625488e-01	-4.219663515686988831e-02	1.041123550385236740e-02	2.025017291307449341e-01	-1.314160972833633423e-01	4.076762869954109192e-02	1.219086870551109314e-01	5.328375473618507385e-02	-1.290914118289947510e-01	-4.904782865196466446e-03	8.220571279525756836e-02	5.040644854307174683e-02	-5.007089348509907722e-04	7.753774523735046387e-02	-3.717546910047531128e-02	1.860068589448928833e-01	-1.854700595140457153e-01	-1.864292621612548828e-01	-4.946927726268768311e-02	1.726170815527439117e-02	2.230441942811012268e-02	-1.032645329833030701e-01	1.077320948243141174e-01	9.605980664491653442e-02
9.974299371242523193e-02	2.610547840595245361e-01	3.042653575539588928e-02	1.229221522808074951e-01	-9.129084646701812744e-02	-3.212554380297660828e-02	1.148216649889945984e-01	1.101050376892089844e-01	1.128164352849125862e-03	-5.346829816699028015e-02	-1.423354297876358032e-01	-1.460179388523101807e-01	-5.946373194456100464e-02	1.089689135551452637e-01	3.594142943620681763e-02	5.850608274340629578e-02	6.658391654491424561e-02	2.085748463869094849e-01	6.583306938409805298e-02	2.378682345151901245e-01	-5.289771780371665955e-02	-2.040064781904220581e-01	2.128650546073913574e-01	-1.914487183094024658e-01	-1.753058731555938721e-01	9.072144329547882080e-02	-3.601097688078880310e-02	2.563405334949493408e-01	1.570104062557220459e-01	-7.747161388397216797e-02
1.134262531995773315e-01	-8.390088379383087158e-02	4.379602149128913879e-02	6.873707473278045654e-02	-1.441057622432708740e-01	-3.460817039012908936e-02	1.526151001453399658e-01	-8.541379868984222412e-02	-5.778863653540611267e-02	-3.458346007391810417e-03	-6.516954302787780762e-02	-1.395467072725296021e-01	-6.623173505067825317e-02	8.264376968145370483e-02	9.503804147243499756e-02	-1.191065832972526550e-01	-8.003484457731246948e-02	-7.048326730728149414e-02	-8.192604035139083862e-02	1.699476093053817749e-01	-2.191524058580398560e-01	-2.249066680669784546e-01	2.175612142309546471e-03	-5.936941504478454590e-02	1.143736839294433594e-01	-1.281415522098541260e-01	2.874827980995178223e-01	1.791925281286239624e-01	7.493363320827484131e-02	2.044971287250518799e-01
-1.780300983227789402e-03	-1.659279167652130127e-01	2.587118744850158691e-01	-2.563430666923522949e-01	-4.655908793210983276e-02	9.208590537309646606e-02	-1.092002019286155701e-01	1.177749857306480408e-01	-3.823907300829887390e-02	5.223221704363822937e-02	4.552402719855308533e-02	5.017497763037681580e-02	4.908959195017814636e-02	1.393897980451583862e-01	8.683522045612335205e-02	2.482612878084182739e-01	-6.047705933451652527e-02	-2.174826264381408691e-01	-2.665006928145885468e-02	7.201252132654190063e-02	1.342309415340423584e-01	3.032106906175613403e-02	1.095067188143730164e-01	1.785120069980621338e-01	-3.585042059421539307e-02	-1.142419278621673584e-01	-7.249045651406049728e-03	1.013021469116210938e-01	7.425520569086074829e-03	1.141845807433128357e-01
1.832929253578186035e-02	-1.808553636074066162e-01	-1.874318420886993408e-01	-9.827150963246822357e-03	8.227318525314331055e-02	-1.271200776100158691e-01	6.629120558500289917e-02	9.008482098579406738e-02	-2.444366961717605591e-01	-1.140626370906829834e-01	-5.799693241715431213e-02	-5.629752948880195618e-02	-3.701044619083404541e-02	-1.914516240358352661e-01	-1.464179717004299164e-03	5.080846324563026428e-02	-4.256455972790718079e-02	7.846131175756454468e-02	-6.611499935388565063e-02	1.858281642198562622e-01	7.961501926183700562e-02	9.223701804876327515e-02	1.883662343025207520e-01	1.070167776197195053e-02	6.092379987239837646e-02	-1.589451171457767487e-02	2.895070426166057587e-02	-1.763720214366912842e-01	-9.826572239398956299e-02	-1.881432719528675079e-02
5.815958604216575623e-02	-1.069897562265396118e-01	-2.246919870376586914e-01	6.674022413790225983e-03	1.576493382453918457e-01	-1.590264737606048584e-01	7.416883856058120728e-02	1.444148123264312744e-01	-1.504545062780380249e-01	-9.242538362741470337e-02	-3.066017478704452515e-02	2.183141745626926422e-02	2.368751354515552521e-02	-1.994463503360748291e-01	5.299129709601402283e-02	-6.173672154545783997e-03	7.546565029770135880e-03	3.662524372339248657e-02	-1.505703013390302658e-02	1.133228614926338196e-01	-5.624950397759675980e-03	5.354715511202812195e-02	2.098569571971893311e-01	-4.369936510920524597e-02	8.904363214969635010e-02	-3.772621229290962219e-02	-1.042408868670463562e-02	-1.152395904064178467e-01	-1.015819609165191650e-01	1.149335876107215881e-02
-9.214599430561065674e-02	6.834743916988372803e-02	9.033852815628051758e-02	-1.431207805871963501e-01	-1.122922971844673157e-01	1.453916542232036591e-02	-4.581263661384582520e-02	-5.967472679913043976e-04	-2.564157247543334961e-01	-8.540321141481399536e-03	-5.705320090055465698e-02	2.458198815584182739e-01	2.648533508181571960e-02	2.571719232946634293e-03	1.282680183649063110e-01	-1.244424805045127869e-01	-1.678925380110740662e-02	-9.155947715044021606e-02	-2.764582037925720215e-01	1.410982906818389893e-01	2.853274345397949219e-01	-6.434142589569091797e-02	-2.228132039308547974e-01	-4.081564024090766907e-02	-8.553974330425262451e-02	-9.850610047578811646e-03	-5.340840667486190796e-02	4.634396359324455261e-02	-2.393852919340133667e-01	1.747436821460723877e-01
-1.151163056492805481e-01	2.178807929158210754e-02	2.098499052226543427e-02	-5.739974603056907654e-02	5.185473337769508362e-02	-2.332687824964523315e-01	7.985928654670715332e-02	-6.644170265644788742e-03	1.710242033004760742e-01	2.006479799747467041e-01	-1.208466887474060059e-01	-5.233267694711685181e-02	1.905097961425781250e-01	1.246644929051399231e-01	1.402705013751983643e-01	-3.880316391587257385e-02	1.009905431419610977e-02	9.790495038032531738e-02	-3.222193717956542969e-01	1.040296554565429688e-01	-4.348173364996910095e-02	1.282024383544921875e-01	-8.373566716909408569e-02	-9.927139617502689362e-03	3.731650114059448242e-02	-8.794689178466796875e-02	2.338148653507232666e-01	9.203920513391494751e-02	-1.415151357650756836e-01	-1.893429160118103027e-01
-2.080402523279190063e-01	-2.913154661655426025e-01	5.164491478353738785e-03	2.722754776477813721e-01	6.383293122053146362e-02	6.478194147348403931e-02	-1.395345777273178101e-01	-1.275259256362915039e-01	9.477492421865463257e-02	2.078658491373062134e-01	-4.159807041287422180e-02	1.830294961109757423e-03	-2.714242041110992432e-01	1.029141917824745178e-01	4.953459277749061584e-02	7.066620141267776489e-02	8.378373831510543823e-02	-5.300049856305122375e-02	-2.199130132794380188e-02	1.224604174494743347e-01	-2.181326895952224731e-01	1.219695955514907837e-01	-1.198555231094360352e-01	-7.991728931665420532e-02	-2.668508794158697128e-03	-1.369096934795379639e-01	1.671436280012130737e-01	-1.265846937894821167e-01	-1.746826060116291046e-02	-5.460804328322410583e-02
5.528800189495086670e-02	3.137196600437164307e-01	1.895761191844940186e-01	-2.631771005690097809e-02	-1.392075568437576294e-01	2.005898505449295044e-01	-1.042732223868370056e-01	2.134344726800918579e-01	-2.247237972915172577e-02	2.446219697594642639e-02	-1.763753592967987061e-02	1.490469276905059814e-01	1.092131957411766052e-01	-9.177766740322113037e-02	8.850383013486862183e-02	-2.327452041208744049e-02	1.094150766730308533e-01	-5.221118405461311340e-02	-2.011132799088954926e-02	9.915193915367126465e-02	-7.363753020763397217e-02	1.009011343121528625e-01	1.094763129949569702e-01	-6.236228346824645996e-02	1.023467257618904114e-01	-1.884059458971023560e-01	3.956575319170951843e-02	3.990940749645233154e-02	7.298917323350906372e-02	3.509094566106796265e-02
-2.829088270664215088e-01	1.136021688580513000e-01	8.251635730266571045e-02	9.168547391891479492e-02	2.694634022191166878e-03	-2.863918058574199677e-02	3.748284652829170227e-02	-1.788122206926345825e-01	-1.696241647005081177e-01	-3.557098284363746643e-02	3.187431255355477333e-03	2.435247600078582764e-01	-1.119277998805046082e-01	-1.532693952322006226e-01	-3.095283806324005127e-01	2.802423834800720215e-01	-3.613369539380073547e-02	-3.661545366048812866e-02	5.476164445281028748e-02	-1.341752409934997559e-01	-8.615547418594360352e-02	-1.293105632066726685e-01	1.755980029702186584e-02	-2.525985613465309143e-02	-1.203945428133010864e-01	-6.927147507667541504e-02	1.487623602151870728e-01	-4.558349400758743286e-02	1.091518998146057129e-01	-9.645171463489532471e-02
-6.640058010816574097e-02	2.354978024959564209e-02	-8.909957855939865112e-02	-7.586319744586944580e-02	2.788278833031654358e-02	2.111590933054685593e-03	-1.181625202298164368e-02	-1.594398021697998047e-01	-6.266647577285766602e-02	3.970801085233688354e-02	-9.877910837531089783e-03	1.629524827003479004e-01	-4.511199519038200378e-02	-1.682444512844085693e-01	-1.958969682455062866e-01	1.406084150075912476e-01	-2.985590696334838867e-02	-1.176104706246405840e-04	8.839740604162216187e-02	-8.333843201398849487e-02	1.077753305435180664e-01	-1.249211058020591736e-01	4.819739237427711487e-02	-4.306399449706077576e-02	-3.153172135353088379e-02	7.178999949246644974e-03	9.339491277933120728e-02	6.349594891071319580e-02	1.750846058130264282e-01	2.456161752343177795e-02
1.935335993766784668e-01	-1.809717528522014618e-02	4.900740087032318115e-02	-5.981102585792541504e-02	1.041381359100341797e-01	2.383396402001380920e-02	-5.251334980130195618e-03	-2.140139192342758179e-01	-1.072422489523887634e-01	6.086326390504837036e-02	-1.473496407270431519e-01	1.909380219876766205e-02	2.393092401325702667e-02	-1.834874302148818970e-01	-3.019375912845134735e-02	-2.168779261410236359e-02	6.774239987134933472e-02	6.954864412546157837e-02	1.169102191925048828e-01	-7.458410691469907761e-03	3.843512758612632751e-02	-3.390979766845703125e-02	-8.086743950843811035e-02	-2.262709848582744598e-02	-1.361416932195425034e-02	-6.147242709994316101e-02	-3.050621598958969116e-02	-1.769219934940338135e-01	3.525639697909355164e-02	-7.031715358607470989e-04
6.012332439422607422e-02	-3.102285861968994141e-01	1.192309781908988953e-01	2.497222274541854858e-03	7.580956071615219116e-02	3.235844969749450684e-01	2.511560358107089996e-02	-1.978897117078304291e-02	-7.028018683195114136e-02	-1.401603519916534424e-01	2.095449566841125488e-01	5.086562409996986389e-02	1.527060717344284058e-01	-1.660893671214580536e-02	-1.581167727708816528e-01	1.262171287089586258e-02	1.031944751739501953e-01	2.195108085870742798e-01	1.753977835178375244e-01	7.417478412389755249e-02	-1.873407065868377686e-01	1.708044670522212982e-02	-1.937217861413955688e-01	-1.666831225156784058e-02	-2.654570341110229492e-02	-2.253761738538742065e-01	8.101447671651840210e-02	2.755692787468433380e-02	2.485442347824573517e-02	-8.006178587675094604e-02
-4.056691005825996399e-02	1.055446639657020569e-01	-1.906104832887649536e-01	-1.496045738458633423e-01	7.858184725046157837e-02	9.219202399253845215e-02	1.026412844657897949e-01	9.844776242971420288e-02	7.993011176586151123e-02	1.153683736920356750e-01	-1.983457244932651520e-03	-1.184020414948463440e-01	1.372644212096929550e-02	2.401918359100818634e-02	1.464105546474456787e-01	3.409296646714210510e-02	1.746181957423686981e-02	-4.662138968706130981e-02	1.161461882293224335e-02	1.558223217725753784e-01	3.835883364081382751e-02	7.769776880741119385e-02	-9.477061033248901367e-02	-2.412472665309906006e-01	-1.244942173361778259e-01	-1.855625510215759277e-01	5.564454197883605957e-02	-6.896045524626970291e-03	-2.789685428142547607e-01	9.654147922992706299e-02
1.120717898011207581e-01	-2.491867356002330780e-02	3.585545346140861511e-02	-2.288266420364379883e-01	-1.440239846706390381e-01	-3.476666286587715149e-02	1.438921540975570679e-01	2.459333278238773346e-03	3.647056594491004944e-02	6.448458298109471798e-04	-2.055072188377380371e-01	1.436985912732779980e-03	1.264803111553192139e-02	1.236195191740989685e-01	-9.762986004352569580e-02	-2.069096416234970093e-01	1.177282407879829407e-01	-1.168053224682807922e-01	-1.189100816845893860e-01	-6.289685517549514771e-02	-1.061882525682449341e-01	-6.594473030418157578e-03	-8.868020772933959961e-02	2.895607054233551025e-02	-3.538211584091186523e-01	-7.476221770048141479e-02	8.448347449302673340e-03	5.341106280684471130e-02	1.168731525540351868e-01	5.728434771299362183e-02
3.011166155338287354e-01	-7.698024623095989227e-03	5.324783921241760254e-02	-1.725741773843765259e-01	-1.429648790508508682e-02	-6.716278940439224243e-02	8.379065245389938354e-02	-1.046055406332015991e-01	-6.564879417419433594e-02	7.824731618165969849e-02	-6.824521720409393311e-02	6.007099989801645279e-03	7.887350022792816162e-02	7.409983128309249878e-02	3.424216527491807938e-03	7.163501530885696411e-02	7.268521189689636230e-02	9.214279800653457642e-02	2.211948782205581665e-01	7.260031998157501221e-02	-1.315434873104095459e-01	-1.851662620902061462e-02	-1.689968854188919067e-01	-1.294779032468795776e-01	1.343708038330078125e-01	-2.412854880094528198e-02	1.977348886430263519e-02	4.588104411959648132e-02	2.418090701103210449e-01	7.617601007223129272e-02
-1.957842856645584106e-01	-6.872420012950897217e-02	2.311480976641178131e-02	1.809504032135009766e-01	1.859277784824371338e-01	6.481297314167022705e-02	-7.213634997606277466e-02	-1.169016435742378235e-01	-7.694286108016967773e-02	5.975435301661491394e-02	1.909661889076232910e-01	-8.918706327676773071e-03	5.845442414283752441e-02	-1.248942986130714417e-01	-5.345692485570907593e-02	-2.422888278961181641e-01	9.176877886056900024e-02	1.860848069190979004e-01	1.362581364810466766e-02	1.791226565837860107e-01	-1.007180362939834595e-01	-1.391187161207199097e-01	-1.399609297513961792e-01	-1.560465246438980103e-01	-2.631092257797718048e-02	7.594909518957138062e-02	-2.431242354214191437e-02	-3.862654790282249451e-02	8.382546901702880859e-02	-1.486824899911880493e-01
-5.452078580856323242e-02	-1.583270728588104248e-01	-1.105665937066078186e-01	1.069661304354667664e-01	-3.952867984771728516e-01	8.150181174278259277e-02	4.813675954937934875e-02	1.229235604405403137e-01	2.013452649116516113e-01	-8.821311406791210175e-03	9.576352685689926147e-02	-2.377882152795791626e-01	-1.463732719421386719e-01	-1.971603184938430786e-01	4.147776588797569275e-02	-1.076421439647674561e-01	-1.560698449611663818e-01	3.084913454949855804e-02	-2.685496211051940918e-01	-4.946174845099449158e-02	1.807040870189666748e-01	1.826498657464981079e-01	2.750460430979728699e-02	1.083768606185913086e-01	1.664392277598381042e-02	-8.470204472541809082e-02	3.121817708015441895e-01	-4.209217615425586700e-03	1.277338713407516479e-01	1.807653456926345825e-01
2.212640643119812012e-02	8.956756442785263062e-02	-5.269775912165641785e-02	-1.072330400347709656e-01	-6.437207013368606567e-02	6.805641949176788330e-02	-1.587664783000946045e-01	-2.573703601956367493e-02	1.715922541916370392e-02	1.558122783899307251e-01	1.310098730027675629e-02	-1.887004263699054718e-02	-3.350394070148468018e-01	-8.026312291622161865e-02	1.395838428288698196e-02	-1.915311217308044434e-01	3.946518152952194214e-02	2.689917013049125671e-02	-5.051909014582633972e-02	2.343450114130973816e-02	7.308632135391235352e-02	1.936981528997421265e-01	-9.461265057325363159e-02	-1.924798935651779175e-01	-1.565146744251251221e-01	3.522270172834396362e-02	-1.856077313423156738e-01	3.613802194595336914e-01	-3.082020953297615051e-02	1.321814209222793579e-01
-1.038464307785034180e-01	-2.448460012674331665e-01	-1.705814898014068604e-02	3.414126858115196228e-02	-9.260337799787521362e-02	4.123454540967941284e-02	-2.512831091880798340e-01	-1.794894039630889893e-01	-5.042792484164237976e-02	4.205727577209472656e-02	-7.866758108139038086e-02	1.714673787355422974e-01	-2.239862680435180664e-01	-5.369792506098747253e-02	8.217149227857589722e-02	1.134984046220779419e-01	1.501867026090621948e-01	4.504312947392463684e-02	-1.510036922991275787e-02	-2.071470208466053009e-02	8.527657017111778259e-03	4.445501789450645447e-02	-1.932346262037754059e-03	-1.217738687992095947e-01	-6.841894239187240601e-02	-5.344879254698753357e-02	2.525861263275146484e-01	-9.979420155286788940e-02	-4.021022096276283264e-02	-1.875143647193908691e-01
2.079987972974777222e-01	-7.383062969893217087e-03	1.871942915022373199e-02	5.170831829309463501e-02	5.212394520640373230e-02	5.800591036677360535e-02	2.774434983730316162e-01	8.477792143821716309e-02	-9.981782641261816025e-04	1.012040823698043823e-01	-3.247785195708274841e-02	5.680339410901069641e-02	1.078916043043136597e-01	1.714849174022674561e-01	-1.784608885645866394e-02	-1.976612061262130737e-01	2.056451980024576187e-03	-1.139815524220466614e-01	-1.920336037874221802e-01	-1.375139802694320679e-01	-1.893643140792846680e-01	-4.664801433682441711e-02	-1.075794100761413574e-01	-1.808788180351257324e-01	-6.585865467786788940e-02	1.252615749835968018e-01	2.965707704424858093e-02	2.319509685039520264e-01	6.367473397403955460e-03	8.230650424957275391e-02
-9.605040401220321655e-02	2.411337047815322876e-01	1.751011610031127930e-01	1.003680303692817688e-01	1.205779612064361572e-01	-6.951925903558731079e-02	-1.255739033222198486e-01	1.149577796459197998e-01	1.403932552784681320e-02	1.002009212970733643e-02	-5.966767203062772751e-03	9.035866707563400269e-02	-8.691742271184921265e-02	7.690869271755218506e-02	1.128861308097839355e-01	-8.816646784543991089e-02	-6.121693551540374756e-02	-2.418159693479537964e-01	-1.877482086420059204e-01	-1.200645789504051208e-01	1.440516710281372070e-01	-1.140049621462821960e-01	-1.365402713418006897e-02	-1.724550127983093262e-01	-7.825683802366256714e-02	-7.081964612007141113e-02	3.357640281319618225e-02	1.214285418391227722e-01	3.126097843050956726e-02	2.136271148920059204e-01
1.606595963239669800e-01	-2.241430059075355530e-02	2.294178120791912079e-03	1.674236208200454712e-01	3.550028055906295776e-02	-1.629291474819183350e-01	5.067386850714683533e-02	-1.122857853770256042e-01	-1.061565130949020386e-01	4.054541513323783875e-02	-2.310834228992462158e-01	9.664054960012435913e-02	-1.338140815496444702e-01	-2.285177074372768402e-02	8.521125465631484985e-02	-7.753973454236984253e-02	-7.068574428558349609e-02	1.823335071094334126e-03	9.397295117378234863e-02	-2.111204862594604492e-01	-5.743167712353169918e-04	1.594712734222412109e-01	8.890934288501739502e-03	-3.979093581438064575e-02	1.885917969048023224e-02	4.535881802439689636e-02	-4.571480210870504379e-03	-7.123263180255889893e-02	2.362517407163977623e-03	-2.763340063393115997e-02
3.492837548255920410e-01	-6.391518563032150269e-02	6.667464226484298706e-02	-4.003560841083526611e-01	-1.744754798710346222e-02	1.581059396266937256e-01	3.458523154258728027e-01	1.029814854264259338e-01	1.211931258440017700e-01	2.131373137235641479e-01	-5.206131562590599060e-02	7.772339135408401489e-02	2.543987333774566650e-01	2.347982116043567657e-02	-8.955644816160202026e-02	1.660532206296920776e-01	-4.170881956815719604e-02	1.562388688325881958e-01	1.439430117607116699e-01	-1.412713676691055298e-01	9.910526871681213379e-02	-6.141139939427375793e-02	-1.163361445069313049e-01	2.256034314632415771e-01	7.578326761722564697e-02	1.817747652530670166e-01	1.438482701778411865e-01	1.998132653534412384e-02	9.187244623899459839e-02	-2.246698737144470215e-01
3.903509303927421570e-02	8.331941068172454834e-02	5.887385830283164978e-02	-4.692462831735610962e-02	-9.407996386289596558e-02	7.302983850240707397e-02	-2.343883737921714783e-02	8.572926372289657593e-02	7.958132028579711914e-02	9.576125442981719971e-02	-2.050588428974151611e-01	-1.889888755977153778e-02	5.970602855086326599e-02	6.452444195747375488e-02	1.108189374208450317e-01	3.376838564872741699e-02	-1.417588591575622559e-01	-2.224529720842838287e-02	1.807369850575923920e-02	-1.491170972585678101e-01	1.278045624494552612e-01	-1.323640197515487671e-01	1.299921274185180664e-01	-4.868009686470031738e-02	1.772320866584777832e-01	7.328102365136146545e-03	-3.738010302186012268e-02	-1.614112406969070435e-01	-1.495907753705978394e-01	-1.882637590169906616e-01
-1.940420642495155334e-02	1.125251315534114838e-02	-2.453062832355499268e-01	-1.048994809389114380e-01	1.185864303261041641e-02	9.584306180477142334e-02	1.722211390733718872e-01	1.748667471110820770e-02	2.164230681955814362e-02	-3.818542510271072388e-02	-1.453064829111099243e-01	-1.858833990991115570e-02	2.315407060086727142e-02	-4.619877040386199951e-02	-1.008228883147239685e-01	-5.744437221437692642e-03	-1.113963648676872253e-01	-5.266128852963447571e-02	1.933221369981765747e-01	-1.034909933805465698e-01	2.863656580448150635e-01	-3.973995894193649292e-02	9.160740673542022705e-02	-1.644901037216186523e-01	1.871921569108963013e-01	1.062086075544357300e-01	-1.958401687443256378e-02	-8.071969449520111084e-02	-3.294677436351776123e-01	-9.448963403701782227e-02
-6.665460020303726196e-02	1.053086132742464542e-03	-1.020819395780563354e-01	-6.104673817753791809e-02	1.155629679560661316e-01	2.210319787263870239e-02	6.731574237346649170e-02	-1.497171074151992798e-01	2.679453045129776001e-02	-1.512192282825708389e-02	1.133380457758903503e-01	1.161042368039488792e-03	3.705630451440811157e-02	3.720595687627792358e-02	-3.444354981184005737e-02	-1.897473260760307312e-02	-7.332824170589447021e-02	-5.852886661887168884e-02	1.595394313335418701e-01	-3.079146742820739746e-01	3.229636847972869873e-01	-1.124102547764778137e-01	-5.570866912603378296e-02	2.938315831124782562e-02	2.736826539039611816e-01	4.836918413639068604e-02	1.064787656068801880e-01	-7.876525074243545532e-02	1.109058875590562820e-02	-4.705234616994857788e-02
-1.655102670192718506e-01	8.953078091144561768e-02	-2.783314585685729980e-01	2.117901146411895752e-01	4.806067049503326416e-02	9.720577858388423920e-03	1.004972532391548157e-01	-1.706731915473937988e-01	1.354784667491912842e-01	-1.558150863274931908e-03	1.252956390380859375e-01	3.107671439647674561e-02	9.860187023878097534e-02	6.182415038347244263e-02	-5.650336667895317078e-02	-1.915105581283569336e-01	-1.827976554632186890e-01	-1.425534039735794067e-01	6.945181638002395630e-02	-2.509109973907470703e-01	2.990408837795257568e-01	-2.047475725412368774e-01	-4.601457715034484863e-02	-5.997498705983161926e-02	3.127802014350891113e-01	3.654882311820983887e-02	1.187746077775955200e-01	-2.353536710143089294e-02	-1.722617298364639282e-01	-1.395217776298522949e-01
-3.711353242397308350e-02	1.491905003786087036e-01	-6.281590461730957031e-02	-7.797288242727518082e-03	-1.419151723384857178e-01	1.652733236551284790e-01	-2.878007013350725174e-03	1.463271379470825195e-01	2.125625014305114746e-01	8.362305164337158203e-02	1.504432410001754761e-02	8.765140920877456665e-02	-5.779933929443359375e-02	1.204763501882553101e-01	-3.151150792837142944e-02	6.434311717748641968e-02	-1.660922616720199585e-01	4.933572560548782349e-02	6.985398381948471069e-02	-8.726121485233306885e-02	3.105466663837432861e-01	-8.177666366100311279e-02	-9.969031065702438354e-02	-1.559859663248062134e-01	1.270931214094161987e-01	8.039066195487976074e-02	-1.078636720776557922e-01	-3.285101801156997681e-02	-1.798775196075439453e-01	-1.367994397878646851e-01
9.208510071039199829e-02	-5.266027152538299561e-02	-7.731878757476806641e-02	8.283787965774536133e-02	-1.401595920324325562e-01	8.162520825862884521e-02	1.784909963607788086e-01	-4.253506287932395935e-02	4.713054746389389038e-02	1.007001698017120361e-01	-1.173810139298439026e-01	-6.780388206243515015e-02	-7.123010605573654175e-02	8.886795490980148315e-02	-1.407281607389450073e-01	-8.986987918615341187e-02	-1.314280331134796143e-01	-1.798412017524242401e-02	2.085138261318206787e-01	-8.641320466995239258e-02	2.326558679342269897e-01	-7.333738356828689575e-02	3.010492026805877686e-02	-5.482237786054611206e-02	1.918419450521469116e-01	1.473681628704071045e-01	-8.473591879010200500e-04	-4.562652111053466797e-02	-2.503910362720489502e-01	-1.815479844808578491e-01
4.511491954326629639e-02	-1.439440529793500900e-02	-8.271824568510055542e-02	4.975011199712753296e-02	-6.684160977602005005e-02	1.229753717780113220e-01	8.488443493843078613e-02	3.372583538293838501e-02	7.400306407362222672e-03	5.660576373338699341e-02	-1.044042259454727173e-01	-1.134203076362609863e-01	-1.047314982861280441e-02	9.953103214502334595e-02	-1.533474922180175781e-01	-4.875302314758300781e-03	-8.981484919786453247e-02	-9.693202376365661621e-02	2.363159656524658203e-01	-8.892874419689178467e-02	2.886565923690795898e-01	-2.059570327401161194e-02	9.526917338371276855e-02	-8.181688934564590454e-02	1.376173645257949829e-01	1.216339617967605591e-01	-9.380492381751537323e-03	-1.095712706446647644e-01	-2.256994694471359253e-01	-1.445627361536026001e-01
2.025634422898292542e-02	-7.898070663213729858e-02	-1.278173774480819702e-01	7.336965203285217285e-02	-8.759506046772003174e-02	1.218649819493293762e-01	1.547821611166000366e-01	7.605983410030603409e-03	1.997842267155647278e-02	1.629539281129837036e-01	-1.487508714199066162e-01	-4.091419652104377747e-02	1.823585107922554016e-02	-3.404328972101211548e-02	-1.081321537494659424e-01	-2.920525893568992615e-02	-1.400375813245773315e-01	-1.782959997653961182e-01	1.542427390813827515e-01	-1.171156018972396851e-01	2.320763319730758667e-01	-2.739844843745231628e-03	6.232529878616333008e-02	-6.827537715435028076e-02	1.335756182670593262e-01	2.070463299751281738e-01	9.322889149188995361e-02	-1.736565828323364258e-01	-2.132767289876937866e-01	-7.539059221744537354e-02
-8.195721358060836792e-02	-5.795737355947494507e-02	-1.670467704534530640e-01	-1.103034988045692444e-01	-3.776703402400016785e-02	2.538190484046936035e-01	1.823702752590179443e-01	6.890426576137542725e-02	-4.316211864352226257e-02	4.006799310445785522e-02	-2.325107455253601074e-01	-1.098297163844108582e-02	-2.217533998191356659e-03	-1.208589747548103333e-01	4.343262687325477600e-02	2.032594196498394012e-02	-6.780226528644561768e-02	-7.050798088312149048e-02	8.814860880374908447e-02	6.820824462920427322e-03	3.166749477386474609e-01	-2.966351620852947235e-02	9.565636515617370605e-02	-1.848342269659042358e-01	1.127771511673927307e-01	2.698932886123657227e-01	-8.563406765460968018e-02	-1.238890290260314941e-01	-3.012319207191467285e-01	2.677739970386028290e-02
-1.982629485428333282e-02	-1.351311355829238892e-01	2.333465814590454102e-01	9.695785492658615112e-02	-5.741352681070566177e-03	1.984063088893890381e-01	-1.236297264695167542e-01	2.632017247378826141e-02	1.463638842105865479e-01	1.267200857400894165e-01	-6.808099150657653809e-02	-3.306675236672163010e-03	-5.008314549922943115e-02	-4.289987683296203613e-02	-9.017238393425941467e-03	-2.720915898680686951e-02	-2.710069157183170319e-02	2.178102917969226837e-02	-2.444573193788528442e-01	8.187998086214065552e-02	6.544295698404312134e-02	-8.867985010147094727e-02	3.026357293128967285e-01	-6.827834248542785645e-02	2.029602080583572388e-01	4.246452152729034424e-01	-1.617155224084854126e-01	-3.115028440952301025e-01	-8.508040569722652435e-03	-2.936945669353008270e-02
1.966924518346786499e-01	-1.487861126661300659e-01	2.382146753370761871e-02	-3.461885452270507812e-02	2.109604701399803162e-02	1.363903880119323730e-01	8.868702501058578491e-02	-2.320885471999645233e-02	-9.248887188732624054e-03	1.701743751764297485e-01	1.294189840555191040e-01	-5.009351298213005066e-02	5.068243667483329773e-02	2.005436867475509644e-01	-8.935745805501937866e-02	-2.144217677414417267e-02	1.057588774710893631e-02	-1.180857643485069275e-01	5.378732457756996155e-02	-1.410401761531829834e-01	1.407571882009506226e-02	-2.895573973655700684e-01	-2.118965610861778259e-02	-1.295174062252044678e-01	1.171681582927703857e-01	1.749844998121261597e-01	4.527376033365726471e-03	-1.004562824964523315e-01	4.571628943085670471e-02	-1.060920804738998413e-01
-4.350413219071924686e-04	-3.921546787023544312e-02	4.108670109417289495e-04	6.977050751447677612e-02	-2.006480097770690918e-01	2.351686507463455200e-01	-1.074202135205268860e-01	3.125207424163818359e-01	-7.058681547641754150e-02	1.208071261644363403e-01	-1.596043631434440613e-02	9.443578124046325684e-02	2.510879747569561005e-02	6.554693728685379028e-02	-8.182548917829990387e-03	-1.317755877971649170e-01	8.259717375040054321e-03	-4.359825700521469116e-02	-6.927622854709625244e-02	-7.426302880048751831e-02	4.682338610291481018e-02	-7.832191139459609985e-02	1.710081547498703003e-01	-5.605899915099143982e-02	3.742899894714355469e-01	3.131869733333587646e-01	-1.129200458526611328e-01	-7.560137659311294556e-02	-1.070518139749765396e-02	-6.002157554030418396e-02
1.775239855051040649e-01	-5.502721667289733887e-02	2.860312908887863159e-02	-1.248531714081764221e-01	-2.239056862890720367e-02	6.408596783876419067e-02	2.157366871833801270e-01	9.093111753463745117e-02	-3.381266817450523376e-02	1.819089353084564209e-01	1.264124214649200439e-01	-7.770247757434844971e-02	3.106395900249481201e-02	1.123035848140716553e-01	-2.469256967306137085e-01	2.102948166429996490e-02	5.070374906063079834e-02	-1.200893335044384003e-02	1.859254837036132812e-01	-6.582861300557851791e-03	7.145882397890090942e-02	-3.012028038501739502e-01	-6.262955814599990845e-02	-6.623247265815734863e-02	-7.198546547442674637e-03	5.295350402593612671e-02	-4.570244625210762024e-02	-8.879950642585754395e-02	1.682640798389911652e-02	-3.802109509706497192e-03
-5.481870099902153015e-02	-9.794494509696960449e-02	-1.449570655822753906e-01	-1.608330458402633667e-01	2.042059153318405151e-01	2.821614593267440796e-02	5.390140414237976074e-02	2.492461651563644409e-01	-6.440341472625732422e-02	7.959344657137989998e-05	1.721755415201187134e-01	9.181289002299308777e-03	6.075860559940338135e-02	-9.355276823043823242e-03	-1.989721804857254028e-01	-5.584494024515151978e-02	1.136909574270248413e-01	-1.283134371042251587e-01	-5.227465182542800903e-02	-1.117892488837242126e-01	1.154898852109909058e-01	-1.639059334993362427e-01	1.405730843544006348e-01	-1.512695401906967163e-01	1.122439131140708923e-01	1.350182741880416870e-01	-1.831942796707153320e-01	-1.012872606515884399e-01	-1.973942369222640991e-01	-4.089685529470443726e-02
-9.414018690586090088e-02	-5.177373290061950684e-01	9.939236193895339966e-02	-1.762255467474460602e-02	-8.757347241044044495e-04	-7.206704467535018921e-02	1.438417881727218628e-01	2.539951168000698090e-02	1.404051780700683594e-01	1.671841926872730255e-02	1.675567477941513062e-01	8.494045585393905640e-02	-5.055141821503639221e-02	2.008550614118576050e-01	-8.524866402149200439e-02	1.695666164159774780e-01	1.655205041170120239e-01	-9.010027348995208740e-02	1.991713792085647583e-01	-1.381432116031646729e-01	2.162163332104682922e-02	-3.334674239158630371e-01	-3.841653838753700256e-02	-9.463056921958923340e-02	-8.147753775119781494e-02	6.529276818037033081e-02	1.248641591519117355e-02	-4.374177753925323486e-02	4.139759391546249390e-02	-3.183314949274063110e-02
-1.308903247117996216e-01	3.396065533161163330e-02	1.190331876277923584e-01	4.745014011859893799e-03	-7.765453308820724487e-02	6.441249698400497437e-02	1.082353759557008743e-02	7.452692836523056030e-02	2.310331165790557861e-01	8.728886395692825317e-02	1.080425232648849487e-01	5.908438935875892639e-02	-1.293860226869583130e-01	-2.384297922253608704e-02	-8.003922551870346069e-02	-8.243449032306671143e-02	-1.061895936727523804e-01	-1.843462884426116943e-01	2.354709953069686890e-01	-8.469765633344650269e-02	1.259365081787109375e-01	-1.392002496868371964e-02	7.455724477767944336e-02	-1.580988466739654541e-01	1.679332852363586426e-01	2.949327044188976288e-02	-2.804865837097167969e-01	-8.675841242074966431e-02	4.633888602256774902e-02	-3.957455232739448547e-02
3.362648421898484230e-03	4.135161265730857849e-02	1.659306287765502930e-01	-6.125513836741447449e-02	-4.251035302877426147e-02	4.545058310031890869e-02	4.658665508031845093e-03	4.576232284307479858e-02	3.799599707126617432e-01	6.098906323313713074e-02	5.170866847038269043e-02	-5.524015426635742188e-02	7.546986453235149384e-03	2.973778732120990753e-02	-1.058063730597496033e-01	4.632505401968955994e-02	3.038509190082550049e-02	-1.001075878739356995e-01	1.306402385234832764e-01	-3.460775315761566162e-02	-5.288930609822273254e-03	-1.486801058053970337e-01	3.559811040759086609e-02	-1.853730827569961548e-01	4.531684890389442444e-02	-3.164291754364967346e-02	-1.005972027778625488e-01	-2.685003280639648438e-01	8.015646040439605713e-02	-1.341237425804138184e-01
1.119437906891107559e-02	1.019280329346656799e-01	9.091413021087646484e-02	-1.888443827629089355e-01	-2.185861468315124512e-01	1.321048289537429810e-01	4.052213206887245178e-02	1.443438529968261719e-01	1.972791850566864014e-01	1.862903088331222534e-01	-1.573799963807687163e-04	-9.413861483335494995e-02	5.731163546442985535e-02	2.583694756031036377e-01	-9.190040826797485352e-02	7.885297387838363647e-02	-4.200364276766777039e-02	6.794352829456329346e-02	-4.667716473340988159e-02	-2.486335672438144684e-02	-1.159767061471939087e-02	-7.181628048419952393e-02	-5.365665629506111145e-02	-1.945084780454635620e-01	2.705652033910155296e-03	1.592063694261014462e-03	-1.523705124855041504e-01	-7.017881423234939575e-02	9.151744656264781952e-03	-2.929100990295410156e-01
2.173976153135299683e-01	-6.714427471160888672e-02	-5.704105272889137268e-02	-1.235712319612503052e-01	4.456327483057975769e-02	5.112460255622863770e-02	6.675603985786437988e-02	5.186969786882400513e-02	-5.534386634826660156e-02	2.016002833843231201e-01	5.430046096444129944e-02	-6.592755019664764404e-02	-6.840550340712070465e-03	3.076005280017852783e-01	-1.020102128386497498e-01	2.051329240202903748e-02	-2.129013650119304657e-03	-4.849899932742118835e-02	1.093165874481201172e-01	-2.254732549190521240e-01	-4.383815824985504150e-02	-3.897912204265594482e-01	-4.375379532575607300e-02	-5.252825468778610229e-02	1.405080128461122513e-02	4.817526042461395264e-02	5.629522725939750671e-02	-1.831057295203208923e-02	3.331387415528297424e-02	-1.497115492820739746e-01
-2.223855853080749512e-01	-1.342979818582534790e-01	1.300610303878784180e-01	-2.044127881526947021e-01	-1.441597342491149902e-01	-4.391414299607276917e-02	-3.770148009061813354e-02	2.211970463395118713e-02	2.981060147285461426e-01	5.331227928400039673e-02	-1.713278517127037048e-02	7.590572349727153778e-03	-1.249440684914588928e-01	2.289938926696777344e-01	-7.574205845594406128e-02	8.171315491199493408e-02	1.415907684713602066e-02	7.562332600355148315e-02	-5.056742578744888306e-02	-1.434173285961151123e-01	1.715146191418170929e-02	4.578689485788345337e-02	-5.674654245376586914e-02	-1.976379305124282837e-01	8.502435684204101562e-02	1.898329257965087891e-01	-7.972726225852966309e-02	-1.420188844203948975e-01	1.787523925304412842e-01	-1.644897907972335815e-01
-6.036946922540664673e-02	1.393444985151290894e-01	7.948189228773117065e-02	-4.775989800691604614e-02	-1.818042099475860596e-01	-8.997207134962081909e-02	-2.643687836825847626e-02	7.223293185234069824e-02	1.559929996728897095e-01	2.077382355928421021e-01	-1.053399220108985901e-01	7.650043070316314697e-02	-1.119003146886825562e-01	-6.757601350545883179e-02	-1.581407152116298676e-02	1.738907024264335632e-02	-8.849758654832839966e-02	2.288609975948929787e-03	4.645713791251182556e-02	-2.246627658605575562e-01	1.659631170332431793e-02	-5.936731398105621338e-02	-4.949619993567466736e-02	-2.735261619091033936e-01	7.270651310682296753e-02	1.258924454450607300e-01	-1.563306748867034912e-01	-1.291946619749069214e-01	-2.225650101900100708e-02	-1.480549573898315430e-01
2.176590263843536377e-03	3.973419219255447388e-02	7.504604756832122803e-02	-3.408469632267951965e-02	-1.164040639996528625e-01	-4.095218703150749207e-02	1.014856249094009399e-02	1.054389998316764832e-01	1.855619102716445923e-01	1.329974383115768433e-01	-1.585363000631332397e-01	-6.296964734792709351e-02	-1.047158334404230118e-02	2.220382727682590485e-02	5.478801578283309937e-02	-4.226194322109222412e-02	-1.737132668495178223e-01	2.176129259169101715e-02	-4.187049344182014465e-02	-3.029140830039978027e-01	-3.428607434034347534e-02	-1.909564882516860962e-01	-1.073479130864143372e-01	-1.376022994518280029e-01	5.774016305804252625e-02	2.085307799279689789e-02	-9.968879818916320801e-02	-1.033278927206993103e-01	1.601789332926273346e-02	-1.764590442180633545e-01
-1.026756614446640015e-01	-4.784024953842163086e-01	8.165975660085678101e-02	-2.526790276169776917e-02	-9.847731888294219971e-02	-1.863047480583190918e-01	8.621292561292648315e-02	2.567723579704761505e-02	1.149766221642494202e-01	-3.354707732796669006e-03	6.554282456636428833e-02	9.275922179222106934e-02	-1.711903959512710571e-01	1.695775538682937622e-01	-2.895850501954555511e-02	1.430958211421966553e-01	9.254724532365798950e-02	-1.487826649099588394e-02	1.702535003423690796e-01	-1.496932059526443481e-01	-7.565931230783462524e-02	-3.244526386260986328e-01	-1.209898740053176880e-01	-1.131090968847274780e-01	-6.584708392620086670e-02	2.778450772166252136e-02	-3.190198913216590881e-02	-3.972580283880233765e-02	-5.258125718683004379e-03	-7.067958265542984009e-02
-2.437281459569931030e-01	1.031214557588100433e-02	1.422505676746368408e-01	-5.647537857294082642e-02	-1.994427293539047241e-01	-2.100108265876770020e-01	-7.659064233303070068e-02	2.003122121095657349e-01	-9.327411651611328125e-03	1.197727546095848083e-01	-1.087129116058349609e-01	8.697929233312606812e-02	-1.183434799313545227e-01	-4.023249819874763489e-02	-1.578565686941146851e-01	4.477850161492824554e-03	-1.165336370468139648e-02	2.254254184663295746e-02	3.347761929035186768e-01	-2.209248542785644531e-01	-7.523283362388610840e-02	-1.134886145591735840e-01	-1.585524231195449829e-01	-6.701815128326416016e-02	-2.112680673599243164e-02	-5.492828786373138428e-02	-1.695907264947891235e-01	-8.918500691652297974e-02	-5.768575891852378845e-02	-1.093445569276809692e-01
1.950061134994029999e-02	-4.740070551633834839e-02	9.387098997831344604e-02	-1.392235010862350464e-01	-1.461839824914932251e-01	-1.121514812111854553e-01	-1.383337751030921936e-02	3.180034458637237549e-02	1.524146646261215210e-01	8.178073912858963013e-02	-7.027193903923034668e-02	9.425698220729827881e-02	-1.231600716710090637e-01	-3.469238802790641785e-02	-1.887530386447906494e-01	-4.167220741510391235e-02	1.741965301334857941e-02	-1.099995803087949753e-02	1.054091081023216248e-01	-1.924970448017120361e-01	-1.390091776847839355e-01	-1.427484452724456787e-01	-1.075430810451507568e-01	-2.159213274717330933e-01	6.571276485919952393e-02	-3.544135764241218567e-02	-2.194026708602905273e-01	-1.398513615131378174e-01	-2.214526571333408356e-02	-7.087235152721405029e-02
-3.103388939052820206e-03	-8.816718310117721558e-02	8.902868628501892090e-02	-1.516520828008651733e-01	-2.230778038501739502e-01	-1.315503567457199097e-01	4.054403677582740784e-02	3.570436313748359680e-02	1.804876029491424561e-01	9.292314201593399048e-02	-2.211461588740348816e-02	-8.177085965871810913e-02	-1.179748103022575378e-01	-3.477010130882263184e-02	-2.165791243314743042e-01	1.983832754194736481e-02	-3.772174566984176636e-02	2.407653331756591797e-01	8.095577359199523926e-02	-4.372240230441093445e-02	-2.084806561470031738e-01	-2.203798294067382812e-01	-1.861774623394012451e-01	-1.655930429697036743e-01	2.223937362432479858e-01	-1.422027945518493652e-01	-5.486540123820304871e-02	-2.355213649570941925e-02	-1.313419546931982040e-02	-8.710796386003494263e-02
-5.379883199930191040e-02	-1.678029447793960571e-01	3.994571790099143982e-02	7.660960778594017029e-03	-3.707850277423858643e-01	-1.773147433996200562e-01	3.165171248838305473e-03	3.069581091403961182e-01	-4.113409295678138733e-02	-7.340722531080245972e-02	-2.090586721897125244e-01	4.743246361613273621e-02	-9.359857439994812012e-02	-2.212891727685928345e-01	-1.367465406656265259e-01	-1.151118576526641846e-01	-1.500215083360671997e-01	1.184962242841720581e-01	4.861757159233093262e-03	-5.738288164138793945e-03	6.815953552722930908e-02	-8.045722544193267822e-02	1.717658340930938721e-01	9.810341894626617432e-02	3.445163369178771973e-01	1.247648224234580994e-01	-9.143722802400588989e-02	-8.319062180817127228e-03	3.973367437720298767e-02	1.621623039245605469e-01
1.498820930719375610e-01	-1.723072379827499390e-01	5.791581422090530396e-02	-1.223681941628456116e-01	-2.068842351436614990e-01	-3.142719268798828125e-01	9.039866924285888672e-02	2.417448349297046661e-02	-2.124835364520549774e-02	-3.044369816780090332e-02	-1.228531971573829651e-01	-2.569817565381526947e-02	-1.157776713371276855e-01	1.564224623143672943e-02	-2.366527915000915527e-01	-1.835054606199264526e-01	-1.092048883438110352e-01	1.281111687421798706e-01	1.991417258977890015e-02	-2.745352685451507568e-01	2.328533306717872620e-02	-1.538949310779571533e-01	-4.972831159830093384e-02	-2.941326051950454712e-02	-4.612089321017265320e-02	9.092528373003005981e-03	-2.891789935529232025e-02	-4.980558296665549278e-04	-1.301510073244571686e-02	-1.726673990488052368e-01
-5.449251737445592880e-03	-2.009129524230957031e-01	-1.231446266174316406e-01	-1.754924803972244263e-01	1.346583478152751923e-02	-1.720336377620697021e-01	9.259296348318457603e-04	2.557745575904846191e-01	-6.833114475011825562e-02	-3.010950684547424316e-01	-2.823548763990402222e-02	-9.448608011007308960e-02	1.242319401353597641e-02	-1.447468996047973633e-01	-1.470912545919418335e-01	-1.094905734062194824e-01	-6.740549206733703613e-02	4.111020267009735107e-02	-1.788311302661895752e-01	7.890079915523529053e-02	1.025577560067176819e-01	-8.410026878118515015e-02	2.948115170001983643e-01	-8.724095672369003296e-02	6.642393022775650024e-02	-3.922560438513755798e-02	-9.822537750005722046e-02	-1.668909788131713867e-01	-9.932468831539154053e-02	-8.347775042057037354e-02
